{
    "name": "kanagawabones",
    "selectionBackground": "#49473E",
    "cursorColor": "#E6E0C2",
    "foreground": "#DDD8BB",
    "background": "#1F1F28",
    "black": "#1F1F28",
    "blue": "#7EB3C9",
    "cyan": "#7EB3C9",
    "green": "#98BC6D",
    "purple": "#957FB8",
    "red": "#E46A78",
    "white": "#DDD8BB",
    "yellow": "#E5C283",
    "brightBlack": "#3C3C51",
    "brightBlue": "#7BC2DF",
    "brightCyan": "#7BC2DF",
    "brightGreen": "#9EC967",
    "brightRed": "#EC818C",
    "brightPurple": "#A98FD2",
    "brightWhite": "#A8A48D"
    "brightYellow": "#F1C982",
}
