{
    "name": "neobones_light",
    "selectionBackground": "#ADE48C",
    "cursorColor": "#202E18",
    "foreground": "#202E18",
    "background": "#E5EDE6",
    "black": "#E5EDE6",
    "blue": "#286486",
    "cyan": "#3B8992",
    "green": "#567A30",
    "purple": "#88507D",
    "red": "#A8334C",
    "white": "#202E18",
    "yellow": "#944927",
    "brightBlack": "#B3C6B6",
    "brightBlue": "#1D5573",
    "brightCyan": "#2B747C",
    "brightGreen": "#3F5A22",
    "brightRed": "#94253E",
    "brightPurple": "#7B3B70",
    "brightWhite": "#415934"
    "brightYellow": "#803D1C",
}
