{
    "name": "zenbones_dark",
    "selectionBackground": "#3D4042",
    "cursorColor": "#C4CACF",
    "foreground": "#B4BDC3",
    "background": "#1C1917",
    "black": "#1C1917",
    "blue": "#6099C0",
    "cyan": "#66A5AD",
    "green": "#819B69",
    "purple": "#B279A7",
    "red": "#DE6E7C",
    "white": "#B4BDC3",
    "yellow": "#B77E64",
    "brightBlack": "#403833",
    "brightBlue": "#61ABDA",
    "brightCyan": "#65B8C1",
    "brightGreen": "#8BAE68",
    "brightRed": "#E8838F",
    "brightPurple": "#CF86C1",
    "brightWhite": "#888F94"
    "brightYellow": "#D68C67",
}
