{
    "name": "zenbones_light",
    "selectionBackground": "#CBD9E3",
    "cursorColor": "#2C363C",
    "foreground": "#2C363C",
    "background": "#F0EDEC",
    "black": "#F0EDEC",
    "blue": "#286486",
    "cyan": "#3B8992",
    "green": "#4F6C31",
    "purple": "#88507D",
    "red": "#A8334C",
    "white": "#2C363C",
    "yellow": "#944927",
    "brightBlack": "#CFC1BA",
    "brightBlue": "#1D5573",
    "brightCyan": "#2B747C",
    "brightGreen": "#3F5A22",
    "brightRed": "#94253E",
    "brightPurple": "#7B3B70",
    "brightWhite": "#4F5E68"
    "brightYellow": "#803D1C",
}
