{
    "name": "zenwritten_dark",
    "selectionBackground": "#404040",
    "cursorColor": "#C9C9C9",
    "foreground": "#BBBBBB",
    "background": "#191919",
    "black": "#191919",
    "blue": "#6099C0",
    "cyan": "#66A5AD",
    "green": "#819B69",
    "purple": "#B279A7",
    "red": "#DE6E7C",
    "white": "#BBBBBB",
    "yellow": "#B77E64",
    "brightBlack": "#3D3839",
    "brightBlue": "#61ABDA",
    "brightCyan": "#65B8C1",
    "brightGreen": "#8BAE68",
    "brightRed": "#E8838F",
    "brightPurple": "#CF86C1",
    "brightWhite": "#8E8E8E"
    "brightYellow": "#D68C67",
}
